country,date,share_eurobond,share_china,share_paris_club,share_multilateral,share_other,share_domestic
Kenya,2022-12-31,0.23,0.18,0.08,0.3,0.04,0.17
Kenya,2023-12-31,0.22,0.17,0.08,0.32,0.04,0.17
Kenya,2024-06-30,0.21,0.17,0.08,0.32,0.04,0.18
Kenya,2024-09-30,0.21,0.16,0.08,0.33,0.04,0.18
Ghana,2022-12-31,0.35,0.11,0.07,0.22,0.05,0.2
Ghana,2023-12-31,0.32,0.11,0.06,0.24,0.05,0.22
Ghana,2024-06-30,0.28,0.1,0.06,0.26,0.05,0.25
Ghana,2024-09-30,0.27,0.1,0.06,0.27,0.05,0.25
Zambia,2020-09-30,0.28,0.34,0.07,0.18,0.05,0.08
Zambia,2022-12-31,0.26,0.32,0.07,0.21,0.04,0.1
Zambia,2023-12-31,0.25,0.31,0.07,0.22,0.04,0.11
Zambia,2024-06-30,0.22,0.3,0.07,0.25,0.04,0.12
Zambia,2024-09-30,0.22,0.29,0.07,0.26,0.04,0.12
Ethiopia,2023-12-31,0.08,0.33,0.09,0.37,0.04,0.09
Ethiopia,2024-09-30,0.07,0.32,0.09,0.38,0.04,0.1
Nigeria,2023-12-31,0.26,0.09,0.04,0.47,0.04,0.1
Nigeria,2024-09-30,0.25,0.09,0.04,0.48,0.04,0.1
Egypt,2023-12-31,0.24,0.06,0.11,0.34,0.15,0.1
Egypt,2024-09-30,0.22,0.06,0.11,0.36,0.15,0.1
Angola,2023-12-31,0.27,0.39,0.06,0.15,0.04,0.09
Angola,2024-09-30,0.26,0.38,0.06,0.16,0.04,0.1
Ivory Coast,2023-12-31,0.33,0.08,0.07,0.36,0.04,0.12
Ivory Coast,2024-09-30,0.34,0.08,0.07,0.35,0.04,0.12
