country,date,eurobond_spread_bps,external_debt_pct_gdp,debt_service_pct_revenue,reserves_months_imports,fiscal_balance_pct_gdp,current_account_pct_gdp,fx_depreciation_12m_pct,inflation_pct,gdp_growth_pct,imf_program,imf_review_on_track
Kenya,2022-06-30,1050.0,38.2,26.5,4.1,-6.2,-5.1,9.2,7.9,4.8,1,1.0
Kenya,2022-12-31,920.0,40.1,28.0,3.8,-5.8,-4.9,11.5,9.1,4.9,1,1.0
Kenya,2023-06-30,1180.0,42.0,31.5,3.4,-5.6,-4.2,19.8,7.9,5.4,1,1.0
Kenya,2023-12-31,980.0,43.8,32.8,3.6,-5.4,-4.0,26.8,6.6,5.6,1,1.0
Kenya,2024-03-31,640.0,39.5,29.2,3.8,-5.2,-3.9,-4.5,5.7,5.0,1,1.0
Kenya,2024-06-30,615.0,38.6,28.4,3.7,-5.2,-3.8,-8.2,4.6,4.6,1,0.0
Kenya,2024-09-30,575.0,38.2,27.9,4.1,-4.9,-3.6,-14.2,3.6,4.7,1,0.0
Ghana,2022-06-30,1650.0,68.5,45.0,2.8,-9.2,-3.8,32.5,29.8,3.2,0,
Ghana,2022-12-31,2850.0,79.5,55.4,1.4,-11.8,-2.3,54.0,54.1,2.4,0,
Ghana,2023-06-30,2400.0,76.2,49.0,1.6,-4.8,1.1,38.0,42.5,2.8,1,1.0
Ghana,2023-12-31,1950.0,72.8,44.5,2.1,-3.9,1.4,27.5,23.2,2.9,1,1.0
Ghana,2024-06-30,1220.0,68.0,38.0,2.4,-3.5,1.8,24.0,22.8,4.7,1,1.0
Ghana,2024-09-30,890.0,63.5,32.5,2.8,-3.2,1.9,28.5,21.5,4.8,1,1.0
Zambia,2020-09-30,2650.0,84.0,52.0,1.9,-13.5,6.8,45.0,15.7,-2.8,0,
Zambia,2021-12-31,2200.0,88.5,48.0,2.7,-8.1,7.2,-18.0,16.4,4.6,0,
Zambia,2022-12-31,1850.0,82.0,42.0,2.8,-6.9,4.1,12.0,9.9,5.2,1,1.0
Zambia,2023-12-31,1680.0,86.4,46.5,2.3,-6.2,-1.2,42.0,13.1,4.3,1,1.0
Zambia,2024-06-30,1150.0,74.0,34.0,2.6,-5.1,-2.4,36.5,15.2,2.3,1,1.0
Zambia,2024-09-30,920.0,69.5,29.5,2.9,-4.8,-2.1,24.0,15.6,2.5,1,1.0
Ethiopia,2022-12-31,1950.0,28.5,24.0,1.2,-4.2,-4.0,6.8,33.8,6.4,0,
Ethiopia,2023-06-30,2450.0,29.2,27.5,0.9,-3.8,-3.5,7.5,29.3,6.1,0,
Ethiopia,2023-12-31,3400.0,31.0,32.0,0.7,-3.5,-3.1,8.1,28.7,6.2,0,
Ethiopia,2024-06-30,2800.0,32.5,33.5,0.8,-3.2,-2.8,12.0,20.2,6.5,0,
Ethiopia,2024-09-30,2100.0,38.0,28.0,1.5,-2.8,-2.5,105.0,17.5,6.7,1,1.0
Nigeria,2022-12-31,850.0,21.0,62.0,5.4,-5.4,0.2,11.2,21.3,3.3,0,
Nigeria,2023-06-30,780.0,22.5,65.0,4.8,-5.1,0.5,65.0,22.8,2.5,0,
Nigeria,2023-12-31,720.0,23.8,58.0,4.6,-4.8,1.2,98.0,28.9,2.9,0,
Nigeria,2024-06-30,690.0,25.2,52.0,4.9,-4.5,1.5,95.0,34.2,3.2,0,
Nigeria,2024-09-30,640.0,24.8,48.0,5.2,-4.2,1.8,68.0,32.7,3.4,0,
Egypt,2022-12-31,950.0,38.5,42.0,4.2,-6.1,-3.5,57.0,21.3,4.4,1,1.0
Egypt,2023-06-30,1280.0,41.5,48.0,3.8,-6.0,-3.2,62.0,35.7,3.8,1,0.0
Egypt,2023-12-31,1150.0,43.0,52.0,3.6,-6.5,-3.4,25.0,33.7,3.2,1,0.0
Egypt,2024-06-30,680.0,48.0,45.0,5.4,-5.5,-3.8,58.0,27.5,2.7,1,1.0
Egypt,2024-09-30,560.0,46.5,41.0,5.6,-5.2,-3.5,52.0,26.4,3.0,1,1.0
Angola,2022-12-31,620.0,55.0,48.0,6.8,2.8,9.5,-9.8,13.8,3.0,0,
Angola,2023-06-30,910.0,68.0,58.0,5.8,-0.5,4.2,65.0,11.3,0.8,0,
Angola,2023-12-31,840.0,72.5,62.0,5.4,-1.2,3.5,66.0,20.0,0.9,0,
Angola,2024-06-30,750.0,69.0,55.0,5.9,0.2,4.8,2.5,31.0,2.4,0,
Angola,2024-09-30,690.0,66.5,52.0,6.2,0.8,5.2,12.0,29.9,2.6,0,
Ivory Coast,2022-12-31,520.0,36.5,22.0,4.5,-6.8,-7.2,6.5,5.2,6.2,1,1.0
Ivory Coast,2023-12-31,480.0,38.0,24.5,4.2,-5.2,-6.5,-3.2,4.4,6.4,1,1.0
Ivory Coast,2024-06-30,420.0,41.5,23.8,4.6,-4.2,-5.4,1.5,4.0,6.5,1,1.0
Ivory Coast,2024-09-30,390.0,40.8,23.0,4.8,-4.0,-5.0,-1.2,3.6,6.6,1,1.0
